{"cameraMode":{"drawMode":0,"name":"Shaded","section":"Shading Mode"},"sceneLighting":false,"audioPlay":false,"sceneViewState":{"m_AlwaysRefresh":false,"showFog":true,"showSkybox":false,"showFlares":true,"showImageEffects":true,"showParticleSystems":true,"showVisualEffectGraphs":true,"m_FxEnabled":true},"in2DMode":false,"pivot":{"x":-5.654097080230713,"y":1.8137494325637818,"z":-8.690707206726075},"rotation":{"x":-0.0056815133430063728,"y":-0.055475447326898578,"z":-0.00032732446561567485,"w":0.9984520673751831},"size":1.2124353647232056,"orthographic":false}