{"cameraMode":{"drawMode":0,"name":"Shaded","section":"Shading Mode"},"sceneLighting":false,"audioPlay":false,"sceneViewState":{"m_AlwaysRefresh":false,"showFog":true,"showSkybox":false,"showFlares":true,"showImageEffects":true,"showParticleSystems":true,"showVisualEffectGraphs":true,"m_FxEnabled":true},"in2DMode":false,"pivot":{"x":-5.860119342803955,"y":2.1033568382263185,"z":-9.103412628173829},"rotation":{"x":0.14223216474056245,"y":0.035617247223854068,"z":-0.005156499799340963,"w":0.9891892671585083},"size":0.865505576133728,"orthographic":false}