{"cameraMode":{"drawMode":0,"name":"Shaded","section":"Shading Mode"},"sceneLighting":false,"audioPlay":false,"sceneViewState":{"m_AlwaysRefresh":false,"showFog":true,"showSkybox":false,"showFlares":true,"showImageEffects":true,"showParticleSystems":true,"showVisualEffectGraphs":true,"m_FxEnabled":true},"in2DMode":false,"pivot":{"x":-5.4367899894714359,"y":6.2629218101501469,"z":-17.094894409179689},"rotation":{"x":0.1704215705394745,"y":-0.02511899173259735,"z":0.004368106368929148,"w":0.9850577116012573},"size":1.2124353647232056,"orthographic":false}