{"cameraMode":{"drawMode":0,"name":"Shaded","section":"Shading Mode"},"sceneLighting":true,"audioPlay":false,"sceneViewState":{"m_AlwaysRefresh":false,"showFog":true,"showSkybox":true,"showFlares":true,"showImageEffects":true,"showParticleSystems":true,"showVisualEffectGraphs":true,"m_FxEnabled":true},"in2DMode":false,"pivot":{"x":1.0155701637268067,"y":30.322444915771486,"z":-8.596253395080567},"rotation":{"x":0.6343040466308594,"y":0.017383616417646409,"z":-0.014275464229285717,"w":0.77276611328125},"size":9.006220817565918,"orthographic":false}