{"cameraMode":{"drawMode":0,"name":"Shaded","section":"Shading Mode"},"sceneLighting":true,"audioPlay":false,"sceneViewState":{"m_AlwaysRefresh":false,"showFog":true,"showSkybox":true,"showFlares":true,"showImageEffects":true,"showParticleSystems":true,"showVisualEffectGraphs":true,"m_FxEnabled":true},"in2DMode":false,"pivot":{"x":0.8155483603477478,"y":30.129358291625978,"z":-9.765909194946289},"rotation":{"x":0.6595953106880188,"y":-0.006770954467356205,"z":0.005935532972216606,"w":0.7515766620635986},"size":9.006220817565918,"orthographic":false}