{"cameraMode":{"drawMode":0,"name":"Shaded","section":"Shading Mode"},"sceneLighting":true,"audioPlay":false,"sceneViewState":{"m_AlwaysRefresh":false,"showFog":true,"showSkybox":true,"showFlares":true,"showImageEffects":true,"showParticleSystems":true,"showVisualEffectGraphs":true,"m_FxEnabled":true},"in2DMode":false,"pivot":{"x":-4.0815911293029789,"y":10.885108947753907,"z":-15.790327072143555},"rotation":{"x":0.37607476115226748,"y":-0.033058442175388339,"z":0.013428885489702225,"w":0.9259140491485596},"size":7.460346698760986,"orthographic":false}