{"cameraMode":{"drawMode":0,"name":"Shaded","section":"Shading Mode"},"sceneLighting":true,"audioPlay":false,"sceneViewState":{"m_AlwaysRefresh":false,"showFog":true,"showSkybox":true,"showFlares":true,"showImageEffects":true,"showParticleSystems":true,"showVisualEffectGraphs":true,"m_FxEnabled":true},"in2DMode":false,"pivot":{"x":-3.190319776535034,"y":10.38392448425293,"z":-16.27544593811035},"rotation":{"x":0.3984321057796478,"y":0.005788857117295265,"z":-0.0025135125033557417,"w":0.9171882271766663},"size":7.460346698760986,"orthographic":false}